<?xml version='1.0' encoding='UTF-8'?>
<?artifactRepository version='1.1.0'?>
<repository name='file:/Users/marianoquintela/Documents/ClonedRepos/freshbooks-connector/target/update-site/ - artifacts' type='org.eclipse.equinox.p2.artifact.repository.simpleRepository' version='1'>
  <properties size='2'>
    <property name='p2.timestamp' value='1449867098554'/>
    <property name='p2.compressed' value='false'/>
  </properties>
  <mappings size='3'>
    <rule filter='(&amp; (classifier=osgi.bundle))' output='${repoUrl}/plugins/${id}_${version}.jar'/>
    <rule filter='(&amp; (classifier=binary))' output='${repoUrl}/binary/${id}_${version}'/>
    <rule filter='(&amp; (classifier=org.eclipse.update.feature))' output='${repoUrl}/features/${id}_${version}.jar'/>
  </mappings>
  <artifacts size='2'>
    <artifact classifier='osgi.bundle' id='org.mule.tooling.ui.contribution.freshbooks.3.6.0' version='1.2.0.201512111751'>
      <properties size='3'>
        <property name='artifact.size' value='3571107'/>
        <property name='download.size' value='3571107'/>
        <property name='download.md5' value='885526d7e7884ea83d1bf6b96c8bae77'/>
      </properties>
    </artifact>
    <artifact classifier='org.eclipse.update.feature' id='org.mule.tooling.ui.extension.freshbooks.3.6.0' version='1.2.0.201512111751'>
      <properties size='4'>
        <property name='artifact.size' value='15939'/>
        <property name='download.size' value='15939'/>
        <property name='download.md5' value='58be22bc69dc539dd2c976d54ecc2a04'/>
        <property name='download.contentType' value='application/zip'/>
      </properties>
    </artifact>
  </artifacts>
</repository>
